kg	キロ
ｋｇ	キロ
キロ	キロ
キログラム	キログラム
g	グラム
ｇ	グラム
グラム	グラム
mg	ミリグラム
ｍｇ	ミリグラム
ミリグラム	ミリグラム
μg	マイクログラム
µg	マイクログラム
マイクログラム	マイクログラム
km	キロ
ｋｍ	キロ
キロメートル	キロ
m	メートル
ｍ	メートル
メートル	メートル
cm	センチ
ｃｍ	センチ
センチ	センチ
センチメートル	センチメートル
mm	ミリメートル
ｍｍ	ミリメートル
ミリメートル	ミリメートル
m2	平方メートル
m²	平方メートル
ｍ2	平方メートル
ｍ²	平方メートル
平方メートル	平方メートル
cm2	平方センチメートル
cm²	平方センチメートル
平方センチメートル	平方センチメートル
L	リットル
l	リットル
Ｌ	リットル
ｌ	リットル
リットル	リットル
mL	ミリリットル
ml	ミリリットル
ｍＬ	ミリリットル
ｍｌ	ミリリットル
ミリリットル	ミリリットル
%	パーセント
％	パーセント
パーセント	パーセント
°	度
º	度
度	度
°C	度
℃	度
ºC	度
°F	度エフ
℉	度エフ
W	ワット
w	ワット
ワット	ワット
kW	キロワット
kw	キロワット
キロワット	キロワット
V	ボルト
v	ボルト
ボルト	ボルト
Hz	ヘルツ
hz	ヘルツ
ヘルツ	ヘルツ
kHz	キロヘルツ
khz	キロヘルツ
MHz	メガヘルツ
mhz	メガヘルツ
GHz	ギガヘルツ
ghz	ギガヘルツ
GB	ギガバイト
gb	ギガバイト
ギガバイト	ギガバイト
MB	メガバイト
mb	メガバイト
メガバイト	メガバイト
