Users	यूज़र्स
User	यूज़र
Desktop	डेस्कटॉप
Downloads	डाउनलोड्स
Documents	डॉक्युमेंट्स
Music	म्यूज़िक
Pictures	पिक्चर्स
Videos	वीडियोज़
Audio	ऑडियो
file	फ़ाइल
files	फाइल्स
chapter	चैप्टर
python	पाइथन
work	वर्क
about	अबाउट
index	इंडेक्स
tags	टैग्स
app	ऐप
wiki	विकी
docs	डॉक्स
master	मास्टर
config	कॉन्फ़िग
email	ई मेल
apache	अपाची
kernel	कर्नल
bin	बिन
var	वार
home	होम
backups	बैकअप्स
temp	टेम्प
data	डेटा
survey	सर्वे
ward	वार्ड
templates	टेम्पलेट्स
impress	इंप्रेस
office	ऑफिस
libreoffice	लिब्रे ऑफिस
and	एंड
LICENSE	लाइसेंस
venv	वेन्व
blog	ब्लॉग
blogs	ब्लॉग्स
login	लॉगिन
register	रजिस्टर
search	सर्च
category	केटेगरी
categories	केटेगरीज़
post	पोस्ट
posts	पोस्ट्स
faq	एफ ए क्यू
terms	टर्म्स
privacy	प्राइवेसी
main	मेन
explore	एक्सप्लोर
photos	फ़ोटोज़
images	इमेजेज़
web	वेब
online	ऑनलाइन
courses	कोर्सेज़
learn	लर्न
learning	लर्निंग
university	यूनिवर्सिटी
academy	अकेडमी
domain	डोमेन
domains	डोमेन्स
analysis	अनैलिसिस
maps	मैप्स
services	सर्विसेज़
sites	साइट्स
activate	एक्टिवेट
available	अवेलेबल
enabled	इनेबल्ड
secure	सेक्योर
school	स्कूल
homepage	होमपेज
content	कंटेन्ट
default	डिफ़ॉल्ट
list	लिस्ट
tag	टैग
laptop	लैपटॉप
phone	फोन
play	प्ले
world	वर्ल्ड